Ê€á´€á´„Êœá´‡ÊŸ,2023-10-02 00:00:00,1064312351621117
âœ¨,2022-10-10 00:00:00,1074204040644660
.,2023-01-31 00:00:00,1077111043683511
â€¦,2022-11-20 00:00:00,1109499463780629
.,2023-05-04 00:00:00,1149427083124281
ğŸ§¿,2023-08-22 00:00:00,1225500848851157
|ğŸ‡®ğŸ‡³ ~ ğŸ‡«ğŸ‡·|,2023-10-12 00:00:00,1253789576018513
Ê€ É´ Ê€,2023-10-05 00:00:00,17915572799807285
ğŸ¦‹,2023-06-10 00:00:00,17937434621669711
ğŸ³ï¸,2023-06-15 00:00:00,17956576250556291
ğŸ‡©ğŸ‡¿ğŸ‡©ğŸ‡¿,2023-10-15 00:00:00,17972879048556291
30/03 ğŸ’,2023-01-08 00:00:00,3003_1025774425491801
--ğŸ–¤,2022-02-08 00:00:00,3103583509915874
ğŸ“¸ ğğ¡ğ¨ğ­ğ¨ğ›ğ¨ğ¨ğ­ğ¡ ğŒğ¢ğ«ğ¨ğ¢ğ«ğ›ğ¨ğ¨ğ­ğ¡ ğŸ‘ğŸ”ğŸğ•ğ¢ğğğ¨ğ›ğ¨ğ¨ğ­ğ¡ ğŸ¥,2023-07-19 00:00:00,360spb_17961182714556291
ğŸ‡©ğŸ‡¿ğŸ«€,2022-11-27 00:00:00,723880502486286
â¤ï¸ğŸ’™ğŸ’›ğŸ’š,2022-06-18 00:00:00,812615883476518
ğŸ‡ªğŸ‡¬ â€ ,2022-06-10 00:00:00,853132392743734
ğŸ’·ğŸğŸ´â€â˜ ï¸ğŸ…,2022-08-29 00:00:00,944749586919354
aa.shak,2023-09-08 00:00:00,aashak_1150443146342161
ğŸ“¸ ğğ¡ğ¨ğ­ğ¨ğ›ğ¨ğ¨ğ­ğ¡ ğŒğ¢ğ«ğ¨ğ¢ğ«ğ›ğ¨ğ¨ğ­ğ¡ ğŸ‘ğŸ”ğŸğ•ğ¢ğğğ¨ğ›ğ¨ğ¨ğ­ğ¡ ğŸ¥,2023-02-22 00:00:00,aa_17844021338946767
Abhilash,2023-03-28 00:00:00,abhilash_1072277907495160
abii_6t,2023-04-23 00:00:00,abii_6t_17949263312556291
Abinaya,2023-05-16 00:00:00,abinaya_1128873255171680
Abi â˜€ï¸,2022-02-18 00:00:00,abi_448823973608796
achantie.rkd_,2022-07-04 00:00:00,achantierkd__557916282496482
ac.zln,2021-09-17 00:00:00,aczln_398119668497004
AdÃ¨le,2021-09-05 00:00:00,adele_382945323527078
Afz,2023-10-18 00:00:00,afz_1238564197533853
AgatheSgs,2022-11-24 00:00:00,agathesgs_1036708621059908
aimerance_m,2022-07-17 00:00:00,aimerance_m_917678722961480
Aini Lekhbassene,2023-04-02 00:00:00,ainilekhbassene_1132652281465381
â±®Ä…É¾Ã­Ò½ RÖ…Ê‚Ò½,2021-06-28 00:00:00,airo_1382488018787177
ğŸ“¸ ğğ¡ğ¨ğ­ğ¨ğ›ğ¨ğ¨ğ­ğ¡ ğŒğ¢ğ«ğ¨ğ¢ğ«ğ›ğ¨ğ¨ğ­ğ¡ ğŸ‘ğŸ”ğŸğ•ğ¢ğğğ¨ğ›ğ¨ğ¨ğ­ğ¡ ğŸ¥,2023-05-17 00:00:00,aishaparadisduhenne_1110492827008190
ğŸ“¸ ğğ¡ğ¨ğ­ğ¨ğ›ğ¨ğ¨ğ­ğ¡ ğŒğ¢ğ«ğ¨ğ¢ğ«ğ›ğ¨ğ¨ğ­ğ¡ ğŸ‘ğŸ”ğŸğ•ğ¢ğğğ¨ğ›ğ¨ğ¨ğ­ğ¡ ğŸ¥,2021-12-31 00:00:00,alainsivarajah_4921534267866802
Alexia Peyronnet,2022-09-16 00:00:00,alexiapeyronnet_949752563082254
ğ’œğ“ğ’¾ğ’¸â„¯ ğŸ€,2023-06-12 00:00:00,alice_1208176927247612
Amd,2023-04-19 00:00:00,amd_762613768606284
amel.ck,2021-05-14 00:00:00,amelck_376804213659252
AmÃ©lie Maviel,2021-09-08 00:00:00,ameliemaviel_1207956549714029
AmelieğŸŒ¸,2023-04-17 00:00:00,amelie_17862476837914647
Ø£Ù…Ù„,2021-09-09 00:00:00,aml_283586159860641
A M P. ğŸŒº,2023-09-03 00:00:00,amp_1256004415799600
Ø£Ù…ÙŠØ±Ø©ğŸ¦‹,2022-01-19 00:00:00,amyrt_474442300729073
Ana H,2021-09-13 00:00:00,anah_349128733336597
Anarthan,2023-09-27 00:00:00,anarthan_1197690888288399
Andony,2022-07-06 00:00:00,andony_17861074076759381
ğŸ“¸ ğğ¡ğ¨ğ­ğ¨ğ›ğ¨ğ¨ğ­ğ¡ ğŒğ¢ğ«ğ¨ğ¢ğ«ğ›ğ¨ğ¨ğ­ğ¡ ğŸ‘ğŸ”ğŸğ•ğ¢ğğğ¨ğ›ğ¨ğ¨ğ­ğ¡ ğŸ¥,2021-05-19 00:00:00,andreaweddingplannerdesignerengageecreative_309227834034640
Angel Eden,2023-03-10 00:00:00,angeleden_1064805988255939
angelique.sm_,2023-05-25 00:00:00,angeliquesm__1126503062073439
ANISSA DHM,2023-02-02 00:00:00,anissadhm_738803634327136
AnithOu Kuttie,2023-03-02 00:00:00,anithoukuttie_263654445640113
Ani ğŸ¦š,2021-06-22 00:00:00,ani_262573448958666
Anou0512,2021-07-02 00:00:00,anou0512_2932175273777910
Anthony Hiis,2023-08-25 00:00:00,anthonyhiis_17991893612493055
Antoni,2021-11-15 00:00:00,antoni_182020134127952
An_Addict_ParisÂ®,2022-10-20 00:00:00,an_addict_parisr_1034277251305441
Apollonia,2023-11-03 00:00:00,apollonia_1241935477197196
April's-secrets,2023-11-05 00:00:00,aprilssecrets_17975595482556291
AranyğŸ¦‹,2022-03-31 00:00:00,arany_802160561173277
Archuny Theva,2021-09-08 00:00:00,archunytheva_1153148241879355
arobax77,2022-12-05 00:00:00,arobax77_1037525817641603
Aro LÃ©a,2022-01-15 00:00:00,arolea_623463905540963
Aron,2022-08-14 00:00:00,aron_17915513924556291
Aroul Rattina,2023-04-13 00:00:00,aroulrattina_1163921081673421
Arthii ğŸ•‰,2022-06-17 00:00:00,arthii_858793192190098
ash'ğŸ’‹,2023-09-13 00:00:00,ash_17968664252556291
Asim,2023-09-22 00:00:00,asim_1214683569925956
asi_yas,2022-10-05 00:00:00,asi_yas_639432637562488
asliines_,2023-03-13 00:00:00,asliines__17943732923556291
asli_g46,2023-05-16 00:00:00,asli_g46_1128486645208740
Asma ì•„ìŠ¤ë§ˆ ğŸˆ,2023-07-11 00:00:00,asmaaseuma_1223008609094116
Asmae Berrichi Dehmej,2023-01-11 00:00:00,asmaeberrichidehmej_1121900819206237
asybaab,2022-09-26 00:00:00,asybaab_952568079470041
A.SğŸ¤,2023-02-15 00:00:00,as_1087388962654756
AS ğŸ•Šï¸,2023-10-11 00:00:00,as_1223988562336615
Athi,2022-11-21 00:00:00,athi_1049725306423883
ğŸ“¸ ğğ¡ğ¨ğ­ğ¨ğ›ğ¨ğ¨ğ­ğ¡ ğŒğ¢ğ«ğ¨ğ¢ğ«ğ›ğ¨ğ¨ğ­ğ¡ ğŸ‘ğŸ”ğŸğ•ğ¢ğğğ¨ğ›ğ¨ğ¨ğ­ğ¡ ğŸ¥,2021-05-19 00:00:00,audeweddingplannerlyon_216110626732242
Aurelie AT,2023-04-12 00:00:00,aurelieat_1083728629686472
ğŸ“¸ ğğ¡ğ¨ğ­ğ¨ğ›ğ¨ğ¨ğ­ğ¡ ğŒğ¢ğ«ğ¨ğ¢ğ«ğ›ğ¨ğ¨ğ­ğ¡ ğŸ‘ğŸ”ğŸğ•ğ¢ğğğ¨ğ›ğ¨ğ¨ğ­ğ¡ ğŸ¥,2021-05-19 00:00:00,aurelieorganisatricedecoratricemariagesevenements_155309793228387
Authentic Dreams,2023-07-15 00:00:00,authenticdreams_1108753807179037
avebiss,2023-07-16 00:00:00,avebiss_1208438713890861
Avila Cogoulane,2023-09-05 00:00:00,avilacogoulane_908027610593114
Ayis Deco,2023-07-02 00:00:00,ayisdeco_17958765326556291
AÊ€á´€á´›ÊœÉª â€˜,2022-11-09 00:00:00,a_984925192899623
baasha77,2023-10-19 00:00:00,baasha77_1181843556546044
Baby Kâ€™s Mum âœ¨,2021-09-07 00:00:00,babyksmum_400321534768135
Badi.A,2022-04-01 00:00:00,badia_1996416703874976
Ø¹Ø¨Ø¯ Ø§Ù„Ø¨Ø§Ø³Ø·,2023-01-06 00:00:00,bdalbast_1129592995107534
Beli,2022-11-27 00:00:00,beli_952084212862828
Bent El Sahra ğŸŒ´ğŸª,2021-10-21 00:00:00,bentelsahra_661992538538759
ğ“‘ ğ“² ğ“« ğ“² ğŸ‡¸ğŸ‡³ğŸ‡²ğŸ‡±,2021-08-26 00:00:00,bibi_129133872691885
BichoÃ¯ Bastha,2022-08-09 00:00:00,bichoibastha_939348887460478
Biiinsa,2022-05-26 00:00:00,biiinsa_1661576040860864
ğŸ“¸ ğğ¡ğ¨ğ­ğ¨ğ›ğ¨ğ¨ğ­ğ¡ ğŒğ¢ğ«ğ¨ğ¢ğ«ğ›ğ¨ğ¨ğ­ğ¡ ğŸ‘ğŸ”ğŸğ•ğ¢ğğğ¨ğ›ğ¨ğ¨ğ­ğ¡ ğŸ¥,2023-02-25 00:00:00,bittoncohennathalie_1116370376429920
Bolingo ğŸŒ¹,2023-11-04 00:00:00,bolingo_1250563603003653
Bon Samaritain ğŸ™ƒ,2023-10-14 00:00:00,bonsamaritain_1277005807033296
Boobooth Photobooth,2022-04-07 00:00:00,booboothphotobooth_17898591401556291
Bopharine,2021-05-22 00:00:00,bopharine_114243037509082
Bouba,2021-09-02 00:00:00,bouba_327426985808491
Braveenah Selva,2022-08-09 00:00:00,braveenahselva_890777718979660
Bride to Be ğŸ¤,2023-03-11 00:00:00,bridetobe_17943499883556291
Brigitte Brown,2021-05-18 00:00:00,brigittebrown_496093198482808
Brintha ğŸ¼ğŸ–¤,2023-11-04 00:00:00,brintha_1252806169445697
BÃ¼ÅŸksr,2023-05-31 00:00:00,busksr_1194108725321176
bye.l02_,2022-07-17 00:00:00,byel02__924069162326617
C A F T A N S - C O L L E C T I O N,2022-10-21 00:00:00,caftanscollection_17922356384609935
Camille Le Souder,2023-03-04 00:00:00,camillelesouder_1120776905988825
canaan.alican,2023-09-06 00:00:00,canaanalican_17967786101556291
à®š à®à¯ à®šà¯ | ğŸ¹,2022-09-19 00:00:00,cancu_898303848228131
à®šà®ªà®°à®¿à®·à¯,2023-11-05 00:00:00,caparis_1242473783812138
âœ¨ Capturez vos plus beaux Ã©vÃ¨nements âœ¨,2023-06-30 00:00:00,capturezvosplusbeauxevenements_17958534065556291
ğ“’ğ“ªğ“»ğ“µğ“ª ğ“œğ“¸ğ“·ğ“½ğ“®ğ“²ğ“»ğ“¸ #mulherforteğŸ‡¨ğŸ‡»,2022-12-20 00:00:00,carlamonteiromulherforte_1061401635260536
Carole Laure,2022-05-22 00:00:00,carolelaure_812592403463317
"Caroline - event planner, dÃ©coratrice Ã©vÃ©nementielle",2022-08-30 00:00:00,carolineeventplannerdecoratriceevenementielle_17921050175537586
Cassy ğŸ’•,2022-11-04 00:00:00,cassy_918117449575249
ğ’ğ’½ğ’¶ğ’¾ğ“‚ğ’¶ğ’¶ ğ’¦ğ’½ğŸ’,2023-10-23 00:00:00,chaimaakh_1249037076488701
Cherine Bnl,2021-07-20 00:00:00,cherinebnl_532876184504143
chermichou,2021-11-17 00:00:00,chermichou_187088296875979
chezingrid92,2022-03-05 00:00:00,chezingrid92_408950394324427
Chirelle Marciano Attia ğŸ§¡ğŸ’›â¤ï¸â€ğŸ”¥âœ¨,2022-10-24 00:00:00,chirellemarcianoattia_917315716323104
Christelle Trasmontana,2023-09-10 00:00:00,christelletrasmontana_1282360849825904
christinesujee,2021-09-19 00:00:00,christinesujee_675173666790881
Christine,2023-10-08 00:00:00,christine_1233589511367790
Cia Charles,2023-06-05 00:00:00,ciacharles_1219108069487516
cinamsl,2023-06-19 00:00:00,cinamsl_17957067647556291
ğŸ“¸ ğğ¡ğ¨ğ­ğ¨ğ›ğ¨ğ¨ğ­ğ¡ ğŒğ¢ğ«ğ¨ğ¢ğ«ğ›ğ¨ğ¨ğ­ğ¡ ğŸ‘ğŸ”ğŸğ•ğ¢ğğğ¨ğ›ğ¨ğ¨ğ­ğ¡ ğŸ¥,2021-06-02 00:00:00,clairechevalier_232275728299717
Clara EBAMI,2022-01-20 00:00:00,claraebami_481835226781941
ğ‘ª. ğ‘³ğ’Šğ’ğ’…ğ’‚,2022-06-08 00:00:00,clinda_114942774447174
Coralie Kayat,2022-05-15 00:00:00,coraliekayat_888386662561608
Cornelly Banzouzi,2023-05-06 00:00:00,cornellybanzouzi_1142691883792085
ğŸ“¸ ğğ¡ğ¨ğ­ğ¨ğ›ğ¨ğ¨ğ­ğ¡ ğŒğ¢ğ«ğ¨ğ¢ğ«ğ›ğ¨ğ¨ğ­ğ¡ ğŸ‘ğŸ”ğŸğ•ğ¢ğğğ¨ğ›ğ¨ğ¨ğ­ğ¡ ğŸ¥,2022-11-16 00:00:00,creationsetpersonnalisationsalademande_17862822278814758
creation_byma,2023-10-06 00:00:00,creation_byma_17971644002556291
Cynthia,2022-07-03 00:00:00,cynthia_896511711741738
Damia Ravi,2023-04-09 00:00:00,damiaravi_1117616092963946
Daniela Ledesma,2023-02-28 00:00:00,danielaledesma_1117752976289413
DarineKz â™¡,2023-04-08 00:00:00,darinekz_1096494961740927
ğŸ€ğŸ”¥DavidÂ´PğŸ”¥ğŸ€,2022-04-07 00:00:00,davidp_873165674082466
Dayana Kamal,2022-03-16 00:00:00,dayanakamal_802313554504921
ddsplash,2022-06-18 00:00:00,ddsplash_564071055224922
ğŸ“¸ ğğ¡ğ¨ğ­ğ¨ğ›ğ¨ğ¨ğ­ğ¡ ğŒğ¢ğ«ğ¨ğ¢ğ«ğ›ğ¨ğ¨ğ­ğ¡ ğŸ‘ğŸ”ğŸğ•ğ¢ğğğ¨ğ›ğ¨ğ¨ğ­ğ¡ ğŸ¥,2021-08-04 00:00:00,decoratriceevenementielle_253266316631729
DELIA LICARU,2023-09-21 00:00:00,delialicaru_1197197075004166
DesiEvents:Traiteur\ DÃ©co\ Shows,2023-04-08 00:00:00,desieventstraiteur_deco_shows_1017798626275628
ğŸ“¸ ğğ¡ğ¨ğ­ğ¨ğ›ğ¨ğ¨ğ­ğ¡ ğŒğ¢ğ«ğ¨ğ¢ğ«ğ›ğ¨ğ¨ğ­ğ¡ ğŸ‘ğŸ”ğŸğ•ğ¢ğğğ¨ğ›ğ¨ğ¨ğ­ğ¡ ğŸ¥,2022-03-02 00:00:00,designbyabi_250442000620025
ğŸ“¸ ğğ¡ğ¨ğ­ğ¨ğ›ğ¨ğ¨ğ­ğ¡ ğŒğ¢ğ«ğ¨ğ¢ğ«ğ›ğ¨ğ¨ğ­ğ¡ ğŸ‘ğŸ”ğŸğ•ğ¢ğğğ¨ğ›ğ¨ğ¨ğ­ğ¡ ğŸ¥,2022-08-26 00:00:00,desivibe_17917116839556291
DIAKS KIDS ğŸª¡,2023-10-14 00:00:00,diakskids_17972767082556291
Diana Carpin Cartan,2023-01-12 00:00:00,dianacarpincartan_1100964461299635
ğ‘« à®‡ ğ‘¨ ğ‘µ ğ‘¨ à¼»,2021-05-13 00:00:00,diana_238460841409332
diinesh.m,2022-06-22 00:00:00,diineshm_830322895021414
Dilak,2022-02-27 00:00:00,dilak_836126727782361
Dilek Guven-erdem,2023-10-15 00:00:00,dilekguvenerdem_1259512952110948
DineshğŸ,2023-09-18 00:00:00,dinesh_784373949620109
dinesh_ma,2022-06-17 00:00:00,dinesh_ma_861557701914063
Divya Benjamin Johnson,2023-03-15 00:00:00,divyabenjaminjohnson_1127359905329533
Djoudi Osmani,2023-09-25 00:00:00,djoudiosmani_1278491656882481
Do Anna,2022-02-23 00:00:00,doanna_981199252500895
Dolce,2023-03-20 00:00:00,dolce_1077006070356901
Domaine Le Saint-LÃ©onard,2023-06-13 00:00:00,domainelesaintleonard_17956316663556291
Dounia Brh,2023-04-05 00:00:00,douniabrh_1000430271341548
Dounâ€™s,2023-05-09 00:00:00,douns_1208192340579118
D U L A K S H I,2021-06-23 00:00:00,dulakshi_1704168239971235
DğŸ–¤UNIA.,2022-08-17 00:00:00,dunia_960592612000242
DYLAN,2022-03-28 00:00:00,dylan_845882543478836
Dynaa Tavares,2023-04-23 00:00:00,dynaatavares_17973077498205928
ğŸ“¸ ğğ¡ğ¨ğ­ğ¨ğ›ğ¨ğ¨ğ­ğ¡ ğŒğ¢ğ«ğ¨ğ¢ğ«ğ›ğ¨ğ¨ğ­ğ¡ ğŸ‘ğŸ”ğŸğ•ğ¢ğğğ¨ğ›ğ¨ğ¨ğ­ğ¡ ğŸ¥,2021-05-19 00:00:00,ebrueventsweddingdesigner_499339611116607
edenn.932,2022-08-04 00:00:00,edenn932_17914244321556291
Edny BT,2023-08-14 00:00:00,ednybt_1231169308276987
Î·Î¹Ñ•Ğ½Î±Î±,2023-09-16 00:00:00,eiznaa_1262094715191043
Elha lilla,2023-10-12 00:00:00,elhalilla_940226924037901
Elif Kodas,2023-06-20 00:00:00,elifkodas_1167900637938303
Elodie Guillot,2022-08-14 00:00:00,elodieguillot_953999785998089
Elodie ğŸ’«,2023-01-28 00:00:00,elodie_785337253086591
estelle__eb,2022-12-01 00:00:00,estelle__eb_17929983233556291
Esther Sonego Cohen ğŸ§¿,2021-08-30 00:00:00,esthersonegocohen_4219423788111162
ğŸ“¸ ğğ¡ğ¨ğ­ğ¨ğ›ğ¨ğ¨ğ­ğ¡ ğŒğ¢ğ«ğ¨ğ¢ğ«ğ›ğ¨ğ¨ğ­ğ¡ ğŸ‘ğŸ”ğŸğ•ğ¢ğğğ¨ğ›ğ¨ğ¨ğ­ğ¡ ğŸ¥,2023-02-25 00:00:00,etesvouspret_17941644158556291
EXTENSION DE CILS 77,2021-05-20 00:00:00,extensiondecils77_1116317598848389
eyup.soybir,2023-08-31 00:00:00,eyupsoybir_17967022160556291
Fab Ng,2022-05-24 00:00:00,fabng_346590034242737
FaÃ¯za.C,2023-07-24 00:00:00,faizac_1206756344052924
ğ¹ğ‘ğ‘–ğ‘§ğ‘,2023-02-26 00:00:00,faiza_1071305504260670
Fathima Mohamed,2022-06-21 00:00:00,fathimamohamed_861906021867522
Fatima Phoenix,2023-04-09 00:00:00,fatimaphoenix_1108268737233022
ğ“•ğ“ªğ“½ğ“¶ğ“ªğ“ğ“¾ğ“»,2023-10-16 00:00:00,fatmanur_1149602593092457
ğŸ“¸ ğğ¡ğ¨ğ­ğ¨ğ›ğ¨ğ¨ğ­ğ¡ ğŒğ¢ğ«ğ¨ğ¢ğ«ğ›ğ¨ğ¨ğ­ğ¡ ğŸ‘ğŸ”ğŸğ•ğ¢ğğğ¨ğ›ğ¨ğ¨ğ­ğ¡ ğŸ¥,2022-02-02 00:00:00,fatoumatasissoko_119025317331216
FeÌriel,2022-03-17 00:00:00,feriel_757790462274134
feroo_makeup,2021-08-26 00:00:00,feroo_makeup_215016533974020
fid941,2023-08-24 00:00:00,fid941_1262356815162606
FlakaDym's deÌlice,2023-09-07 00:00:00,flakadymsdelice_1172622300794300
Floriane Miessan,2023-01-30 00:00:00,florianemiessan_1044647733593074
FORMATION | BLANCHIMENT DENTAIRE,2023-07-13 00:00:00,formationblanchimentdentaire_1080173433368133
ğŸ’« Ø¹ÙØ±ÙŠÙ† ğŸŒ™,2022-03-24 00:00:00,fryn_17896697747556291
F ğŸ¤,2023-06-17 00:00:00,f_17956830056556291
ğ”¾ğ”¸ğ•Œğ•‹â„ğ”¸ ğŸ†‚ğŸ…¾ğŸ†„ğŸ…»ğŸ…¼ğŸ…°ğŸ…½,2022-08-16 00:00:00,gautha_988076739257090
Ghizlane Lahfidi,2023-10-27 00:00:00,ghizlanelahfidi_1226887898703812
giuuu.94,2023-06-22 00:00:00,giuuu94_17957452895556291
ğŸ“¸ ğğ¡ğ¨ğ­ğ¨ğ›ğ¨ğ¨ğ­ğ¡ ğŒğ¢ğ«ğ¨ğ¢ğ«ğ›ğ¨ğ¨ğ­ğ¡ ğŸ‘ğŸ”ğŸğ•ğ¢ğğğ¨ğ›ğ¨ğ¨ğ­ğ¡ ğŸ¥,2023-01-10 00:00:00,glossylocation_17935393427556291
glv.f,2022-02-07 00:00:00,glvf_2898679057045371
Gowtham S. ğŸ¤,2023-05-14 00:00:00,gowthams_1046954653358481
gx28333,2023-08-26 00:00:00,gx28333_1153713139351498
Habiba Fedsi,2022-01-17 00:00:00,habibafedsi_616589046263069
Habi Jolie,2022-08-25 00:00:00,habijolie_931710391555882
Habi Wos,2021-10-07 00:00:00,habiwos_1190762818076731
haliaa,2022-07-10 00:00:00,haliaa_916515923076565
Harjeet Singh Bhullar,2023-01-07 00:00:00,harjeetsinghbhullar_1086411912758184
Hatcou,2023-01-05 00:00:00,hatcou_1044602490265021
hdj.ce,2021-08-29 00:00:00,hdjce_257665616047152
Helene,2023-02-23 00:00:00,helene_1097636391630161
hln____,2023-03-13 00:00:00,hln_____17943729989556291
ğŸ“¸ ğğ¡ğ¨ğ­ğ¨ğ›ğ¨ğ¨ğ­ğ¡ ğŒğ¢ğ«ğ¨ğ¢ğ«ğ›ğ¨ğ¨ğ­ğ¡ ğŸ‘ğŸ”ğŸğ•ğ¢ğğğ¨ğ›ğ¨ğ¨ğ­ğ¡ ğŸ¥,2023-05-30 00:00:00,home2021_17989159820078249
iamthiviya,2023-03-13 00:00:00,iamthiviya_1157616438967717
ğŸ“¸ ğğ¡ğ¨ğ­ğ¨ğ›ğ¨ğ¨ğ­ğ¡ ğŒğ¢ğ«ğ¨ğ¢ğ«ğ›ğ¨ğ¨ğ­ğ¡ ğŸ‘ğŸ”ğŸğ•ğ¢ğğğ¨ğ›ğ¨ğ¨ğ­ğ¡ ğŸ¥,2021-11-12 00:00:00,iconeventsparis_2406138042849484
Idris,2022-09-30 00:00:00,idris_1039132290818870
Ila Boniface Kanthan_ğŸ’œ,2022-02-17 00:00:00,ilabonifacekanthan__3150899321855070
illann00,2022-10-31 00:00:00,illann00_1010472070348492
imene_nr_,2021-07-23 00:00:00,imene_nr__199973552142693
Imen ğŸ’,2023-01-18 00:00:00,imen_1029060505162861
Imrane Amanullah,2021-08-23 00:00:00,imraneamanullah_1335683140161917
Indiaa__.,2021-07-03 00:00:00,indiaa___980072532793803
ğŸ“¸ ğğ¡ğ¨ğ­ğ¨ğ›ğ¨ğ¨ğ­ğ¡ ğŒğ¢ğ«ğ¨ğ¢ğ«ğ›ğ¨ğ¨ğ­ğ¡ ğŸ‘ğŸ”ğŸğ•ğ¢ğğğ¨ğ›ğ¨ğ¨ğ­ğ¡ ğŸ¥,2021-05-19 00:00:00,indianweddingplanner_764181877573217
IneÌ€sğŸ¥€,2023-03-02 00:00:00,ines_986993739353460
Instagram User,2023-01-12 00:00:00,instagramuser_1076083680459679
Instagram User,2023-06-30 00:00:00,instagramuser_1158660595525536
Instagram User,2023-06-25 00:00:00,instagramuser_1220881975976718
Instagram User,2021-12-07 00:00:00,instagramuser_136322572102150
Instagram User,2022-07-18 00:00:00,instagramuser_17911948715556291
Instagram User,2022-09-12 00:00:00,instagramuser_17919425501556291
Instagram User,2022-11-05 00:00:00,instagramuser_17920279052618390
Instagram User,2022-09-26 00:00:00,instagramuser_17921208191556291
Instagram User,2023-09-05 00:00:00,instagramuser_17967677564556291
Instagram User,2021-07-29 00:00:00,instagramuser_196257599038480
Instagram User,2021-11-06 00:00:00,instagramuser_4420995754683069
Instagram User,2022-09-21 00:00:00,instagramuser_641607614020727
Instagram User,2021-11-21 00:00:00,instagramuser_671905160861844
instants_by_mi,2023-07-03 00:00:00,instants_by_mi_17958926576556291
Inthurain,2022-10-03 00:00:00,inthurain_987743672623057
Isee You,2021-09-04 00:00:00,iseeyou_573482610351917
Ismah P.,2023-04-06 00:00:00,ismahp_1138198217581520
IV,2023-04-22 00:00:00,iv_1069866797735577
Iza Bee,2022-07-13 00:00:00,izabee_854777399242974
jaanoou_02,2021-11-25 00:00:00,jaanoou_02_439741077709858
Jaanu Ananthan,2021-06-14 00:00:00,jaanuananthan_859607104905778
ğŸ“¸ ğğ¡ğ¨ğ­ğ¨ğ›ğ¨ğ¨ğ­ğ¡ ğŒğ¢ğ«ğ¨ğ¢ğ«ğ›ğ¨ğ¨ğ­ğ¡ ğŸ‘ğŸ”ğŸğ•ğ¢ğğğ¨ğ›ğ¨ğ¨ğ­ğ¡ ğŸ¥,2023-02-13 00:00:00,jayajeremias_1050180333038549
jaysonmelvyn,2023-04-24 00:00:00,jaysonmelvyn_17949447026556291
jellloww,2022-01-24 00:00:00,jellloww_1641712676221166
Jenistan,2022-03-03 00:00:00,jenistan_343442404208738
ğ™…ğ™šğ™§ğ™–ğ™£ğ™˜ğ™®â™¡,2023-09-09 00:00:00,jerancy_1221351395925419
JeÌroÌ‚me ğŸ¦,2023-07-11 00:00:00,jerome_1115310313196763
Jeudi Chhom,2023-01-08 00:00:00,jeudichhom_1027214425334817
Jihad T,2023-01-02 00:00:00,jihadt_1070655374332478
Ø¬Ù…ÙŠÙ„Ø©,2023-06-14 00:00:00,jmylt_1179718890089389
Jn,2022-01-16 00:00:00,jn_1306739089749291
Jonathan Joseph,2023-04-24 00:00:00,jonathanjoseph_1069695174416880
Jonny,2022-08-29 00:00:00,jonny_920298016029449
Josephine Joyce,2023-05-31 00:00:00,josephinejoyce_1123491089041970
Julia ğŸ§¿,2023-03-28 00:00:00,julia_1162288581830522
Julie Cimen,2022-12-31 00:00:00,juliecimen_1051101742951099
kaamelia__,2023-02-22 00:00:00,kaamelia___1085408042853006
k.abi_02,2023-10-09 00:00:00,kabi_02_1422254475841215
Ka Hina,2023-02-22 00:00:00,kahina_1008241117229101
Kania,2022-06-30 00:00:00,kania_911188233608866
kapilan.vina,2021-11-19 00:00:00,kapilanvina_241257614601907
Karima ğŸ’«Wedding Planner,2022-10-16 00:00:00,karimaweddingplanner_17947593035476861
Karine,2023-02-26 00:00:00,karine_1126938342038560
Karolin ğŸŒº,2023-07-29 00:00:00,karolin_1171771420879989
karthiikutty,2022-07-18 00:00:00,karthiikutty_937428177658150
Kath Distor,2023-03-01 00:00:00,kathdistor_481822873601737
Kathleen | CrÃ©atrice Graphique,2023-07-16 00:00:00,kathleencreatricegraphique_1243375540392561
Katiaa,2022-08-24 00:00:00,katiaa_17916881237556291
Kaveya ğŸ¤,2022-08-07 00:00:00,kaveya_999153038148854
kaviya.sam,2022-03-06 00:00:00,kaviyasam_975679473334540
Kawâ¤ï¸,2023-08-10 00:00:00,kaw_17964168449556291
Keerthana,2023-10-23 00:00:00,keerthana_17951328506691488
Kenza kerr,2022-09-02 00:00:00,kenzakerr_964356861633117
KÃ©vin M.,2023-04-06 00:00:00,kevinm_17946869327556291
Keyliah 220,2023-01-26 00:00:00,keyliah220_17937580157556291
Khadija ğŸ§¸ğŸ’,2023-01-10 00:00:00,khadija_1063570711705843
Khoudia ğŸ’•,2023-01-01 00:00:00,khoudia_1096331735097285
Khouloude ab,2023-02-22 00:00:00,khouloudeab_1036077157779655
Kissy,2023-05-25 00:00:00,kissy_1126608128730556
KM Couture. ROBE DE MARIÃ‰E ğŸ«¶,2021-09-13 00:00:00,kmcouturerobedemariee_1686595435063184
ğŸ“¸ ğğ¡ğ¨ğ­ğ¨ğ›ğ¨ğ¨ğ­ğ¡ ğŒğ¢ğ«ğ¨ğ¢ğ«ğ›ğ¨ğ¨ğ­ğ¡ ğŸ‘ğŸ”ğŸğ•ğ¢ğğğ¨ğ›ğ¨ğ¨ğ­ğ¡ ğŸ¥,2022-05-13 00:00:00,kopuram_111233498253482
Kristi,2022-04-13 00:00:00,kristi_694364988658088
Kris  ğŸ‡«ğŸ‡·/ğŸ…,2021-07-02 00:00:00,kris_198205212229429
k.shana,2023-01-07 00:00:00,kshana_1090498375683541
ksn.tha,2023-02-03 00:00:00,ksntha_1104811067584665
Kss Kss,2023-01-11 00:00:00,ksskss_17935572068556291
ğŸ“¸ ğğ¡ğ¨ğ­ğ¨ğ›ğ¨ğ¨ğ­ğ¡ ğŒğ¢ğ«ğ¨ğ¢ğ«ğ›ğ¨ğ¨ğ­ğ¡ ğŸ‘ğŸ”ğŸğ•ğ¢ğğğ¨ğ›ğ¨ğ¨ğ­ğ¡ ğŸ¥,2023-01-30 00:00:00,kwanzaevenements_17938151558556291
k_nivetha,2023-02-20 00:00:00,k_nivetha_1106140477453859
Laetitia De Jesus,2023-09-16 00:00:00,laetitiadejesus_1218296346230363
Laetitia Perrin,2021-12-10 00:00:00,laetitiaperrin_612349749959997
ğŸ“¸ ğğ¡ğ¨ğ­ğ¨ğ›ğ¨ğ¨ğ­ğ¡ ğŒğ¢ğ«ğ¨ğ¢ğ«ğ›ğ¨ğ¨ğ­ğ¡ ğŸ‘ğŸ”ğŸğ•ğ¢ğğğ¨ğ›ğ¨ğ¨ğ­ğ¡ ğŸ¥,2023-03-04 00:00:00,laetitia_1041484320574611
â„’ğ’¶~ğ’»â„¯Ìâ„¯ ğŸ•Š,2023-03-01 00:00:00,lafee_1064471178289182
LaFossette Animation,2023-02-02 00:00:00,lafossetteanimation_17883511550795697
Laha Shop,2023-08-07 00:00:00,lahashop_1205174304210566
Lakshana,2021-08-10 00:00:00,lakshana_351624119956334
ğŸ“¸ ğğ¡ğ¨ğ­ğ¨ğ›ğ¨ğ¨ğ­ğ¡ ğŒğ¢ğ«ğ¨ğ¢ğ«ğ›ğ¨ğ¨ğ­ğ¡ ğŸ‘ğŸ”ğŸğ•ğ¢ğğğ¨ğ›ğ¨ğ¨ğ­ğ¡ ğŸ¥,2021-05-19 00:00:00,lamandecoweddingplanner_2902433940010458
l.amariage,2022-01-27 00:00:00,lamariage_289859403128428
Lamia â™¡,2023-08-31 00:00:00,lamia_1222001839195137
Larissa #PUCCA,2023-06-10 00:00:00,larissapucca_1187453019322422
Lart Fruite Cocktails,2023-01-10 00:00:00,lartfruitecocktails_17931452048556291
LAS CONCEPT - Studio x Production,2022-12-11 00:00:00,lasconceptstudioxproduction_17931346472556291
Lashmi,2023-08-21 00:00:00,lashmi_1068564314549453
LassinyMohan,2023-04-20 00:00:00,lassinymohan_1150906616304995
Latsamy,2023-04-09 00:00:00,latsamy_1111805440213679
Laura Cohen,2021-06-08 00:00:00,lauracohen_1510215235976389
Laurent Nguyen,2022-10-25 00:00:00,laurentnguyen_924002348995540
Laurine Laurinou WÃ©wÃ© Cairel,2023-05-22 00:00:00,laurinelaurinouwewecairel_1126188868771814
ğŸ‘‘LaxiğŸ‘‘,2023-10-18 00:00:00,laxi_1294234535311717
LÃ©a Marchand,2022-09-12 00:00:00,leamarchand_979626813436803
leanaclrmlk2,2022-09-26 00:00:00,leanaclrmlk2_932997484756265
le Bylka  ğŸ‡©ğŸ‡¿â™“ ğŸ”’,2023-07-29 00:00:00,lebylka_1128416081879964
Leconcept Cherine,2023-10-26 00:00:00,leconceptcherine_1207668323956818
Leena,2021-06-30 00:00:00,leena_1109817779428124
LEHENGA - SHERWANI - JEWELRY - PARIS  ğŸ‡«ğŸ‡·,2022-11-06 00:00:00,lehengasherwanijewelryparis_699109944967038
LeÃ¯la Ti Kafrine,2023-08-09 00:00:00,leilatikafrine_1198162978244297
ğŸ“¸ ğğ¡ğ¨ğ­ğ¨ğ›ğ¨ğ¨ğ­ğ¡ ğŒğ¢ğ«ğ¨ğ¢ğ«ğ›ğ¨ğ¨ğ­ğ¡ ğŸ‘ğŸ”ğŸğ•ğ¢ğğğ¨ğ›ğ¨ğ¨ğ­ğ¡ ğŸ¥,2023-04-28 00:00:00,leparadisereception_1147853219943917
Le seul logiciel pour les prestataires du mariage,2023-01-18 00:00:00,leseullogicielpourlesprestatairesdumariage_1065271578199897
ğŸ“¸ ğğ¡ğ¨ğ­ğ¨ğ›ğ¨ğ¨ğ­ğ¡ ğŒğ¢ğ«ğ¨ğ¢ğ«ğ›ğ¨ğ¨ğ­ğ¡ ğŸ‘ğŸ”ğŸğ•ğ¢ğğğ¨ğ›ğ¨ğ¨ğ­ğ¡ ğŸ¥,2023-08-08 00:00:00,lesillage_1230364015031293
LiannedÃ©co EvÃ¨nementiel,2023-02-27 00:00:00,liannedecoevenementiel_17941976786606735
Liberty âœ¨,2023-01-04 00:00:00,liberty_1067654137959849
lila,2022-10-31 00:00:00,lila_998630574865831
Lillia Zmt,2022-03-09 00:00:00,lilliazmt_714072783293156
Linda Djearamin,2022-06-14 00:00:00,lindadjearamin_865234418203578
ğŸ“¸ ğğ¡ğ¨ğ­ğ¨ğ›ğ¨ğ¨ğ­ğ¡ ğŒğ¢ğ«ğ¨ğ¢ğ«ğ›ğ¨ğ¨ğ­ğ¡ ğŸ‘ğŸ”ğŸğ•ğ¢ğğğ¨ğ›ğ¨ğ¨ğ­ğ¡ ğŸ¥,2021-06-08 00:00:00,locationmurdefleurs_665696227724538
ğŸ“¸ ğğ¡ğ¨ğ­ğ¨ğ›ğ¨ğ¨ğ­ğ¡ ğŒğ¢ğ«ğ¨ğ¢ğ«ğ›ğ¨ğ¨ğ­ğ¡ ğŸ‘ğŸ”ğŸğ•ğ¢ğğğ¨ğ›ğ¨ğ¨ğ­ğ¡ ğŸ¥,2021-07-20 00:00:00,locationvoitureavecchauffeur_226781572761844
Location voiture mariage,2021-08-08 00:00:00,locationvoituremariage_599207524801503
Location voiture pour mariage,2023-08-12 00:00:00,locationvoiturepourmariage_1125182772217555
Loges Vitshu,2022-09-22 00:00:00,logesvitshu_971591757576203
Loiâ¤ï¸,2023-04-25 00:00:00,loi_1142950317100991
ğŸ“¸ ğğ¡ğ¨ğ­ğ¨ğ›ğ¨ğ¨ğ­ğ¡ ğŒğ¢ğ«ğ¨ğ¢ğ«ğ›ğ¨ğ¨ğ­ğ¡ ğŸ‘ğŸ”ğŸğ•ğ¢ğğğ¨ğ›ğ¨ğ¨ğ­ğ¡ ğŸ¥,2023-10-22 00:00:00,lokusreceptions_17973781496556291
Loubna ğŸ•Š Ù„Ø¨Ù†Ù‰,2023-09-14 00:00:00,loubnalbny_1126305302089629
Lp DonkeyKong,2022-08-27 00:00:00,lpdonkeykong_903176451072006
à®²à¯‚à®°à¯à®¤à¯à®¤à®¿à®•à®¾ ğŸŒ¸,2022-09-28 00:00:00,lurttika_908665883872082
Lwi Zaa,2023-01-24 00:00:00,lwizaa_17937281915556291
Lyd,2023-07-20 00:00:00,lyd_1068328191239355
l._linaaa,2022-02-10 00:00:00,l_linaaa_145203327916016
ğŸ“¸ ğğ¡ğ¨ğ­ğ¨ğ›ğ¨ğ¨ğ­ğ¡ ğŒğ¢ğ«ğ¨ğ¢ğ«ğ›ğ¨ğ¨ğ­ğ¡ ğŸ‘ğŸ”ğŸğ•ğ¢ğğğ¨ğ›ğ¨ğ¨ğ­ğ¡ ğŸ¥,2023-05-05 00:00:00,maathuvandicom_17951188334556291
Ø¹Ù…Ø§Ø¯ Ø§Ù„Ø¯ÙŠÙ†,2023-02-24 00:00:00,madaldyn_17941486244556291
Madame Oud,2022-11-30 00:00:00,madameoud_1000552888003726
Madhou Rs ğŸŒ¹,2021-07-29 00:00:00,madhours_814839925885207
Maeva Yb,2021-11-30 00:00:00,maevayb_616754702787161
Maev',2023-05-10 00:00:00,maev_1151057129628339
Maha Sarees,2022-11-21 00:00:00,mahasarees_17920186730556291
Mamzelle Reen's,2023-10-22 00:00:00,mamzellereens_1281398976587168
á´¹áµƒâ¿áµ‰Ë¡ ğŸ¯,2022-02-18 00:00:00,manel_4977926015628630
Mani-MÃ©ga Vidjeacoumar,2023-10-04 00:00:00,manimegavidjeacoumar_975754883809914
MarcilineğŸ’œğŸ§¿,2023-09-10 00:00:00,marciline_1183227629735919
Marc,2023-08-09 00:00:00,marc_1242380093828000
MARIAGEROYAL.NET,2023-08-21 00:00:00,mariageroyalnet_17965647545556291
Mariame Daff,2022-12-07 00:00:00,mariamedaff_1027494908644386
maria_idrissi.m,2023-01-05 00:00:00,maria_idrissim_17934818477556291
ğŸ’« Maricka coiffure & esthÃ©tique,2023-06-27 00:00:00,marickacoiffureesthetique_17860407824966371
MARIEZ-VOUS! ğŸ“² #applicationmariage,2022-04-12 00:00:00,mariezvousapplicationmariage_17895403136556291
marie,2023-10-03 00:00:00,marie_1146308983440191
marina_marsah,2023-01-04 00:00:00,marina_marsah_1133207308079576
Marine Tite,2023-07-02 00:00:00,marinetite_1209333763795230
Mar Laa,2023-05-04 00:00:00,marlaa_1134904917900122
Marony Sab,2022-08-10 00:00:00,maronysab_599772861527927
marwa_abdul60,2023-08-14 00:00:00,marwa_abdul60_1104652447588493
Maryam ğŸŒ¸,2023-08-21 00:00:00,maryam_1160723631984491
Mathilde.J ğŸ§œğŸ¾â€â™€ï¸,2023-09-09 00:00:00,mathildej_1254868142578061
Mathouran,2022-10-07 00:00:00,mathouran_1015535293179619
ğ“œğ“ªğ“½ğ“½ğ“®ğ“¸,2023-06-23 00:00:00,matteo_1165217718204286
Matthieu,2022-09-26 00:00:00,matthieu_886205216118145
Maxime Ratnam,2022-10-12 00:00:00,maximeratnam_885454456173725
Mayourika Vyas,2021-09-03 00:00:00,mayourikavyas_385944189778618
mblk.n,2023-03-05 00:00:00,mblkn_17971051964163160
M.B.,2023-06-28 00:00:00,mb_1085234832880123
meeel94,2023-01-06 00:00:00,meeel94_1074977093897263
Mej Design Collection,2022-05-24 00:00:00,mejdesigncollection_888211932578426
Mej_beautytouchğŸ¤,2021-06-10 00:00:00,mej_beautytouch_493876641729091
MeÌlanie,2023-07-22 00:00:00,melanie_1140848817307117
melimelisha,2021-07-19 00:00:00,melimelisha_509714450249372
Melisa ERDEM,2023-11-04 00:00:00,melisaerdem_17975479439556291
Mettrine BLAISE,2021-09-16 00:00:00,mettrineblaise_889861198542612
Mey Mey ğŸŒ¸,2022-02-06 00:00:00,meymey_131661232683781
m.gorand7,2023-09-25 00:00:00,mgorand7_1262959415102417
miaouss_67,2023-10-25 00:00:00,miaouss_67_1255002102567869
MICROSHADING | CANDY LIPS | DARK LIPS | EXTENSIONS,2022-03-30 00:00:00,microshadingcandylipsdarklipsextensions_17897508212556291
Miera Siva,2023-03-21 00:00:00,mierasiva_1129051535155909
â™¡ Mii Mee â™¡,2021-06-29 00:00:00,miimee_149123867187858
miinaa.sd,2023-01-20 00:00:00,miinaasd_1014209093301925
Mimi ğŸ‡¨ğŸ‡´,2023-02-18 00:00:00,mimi_1116478216419131
miss_aidara,2023-01-21 00:00:00,miss_aidara_976815083705188
ğ“œğ“²ğ”‚ğ“ªğŸŒ¹,2023-10-26 00:00:00,miya_17974269863556291
Mlle Jazzy ğŸ’•,2022-01-20 00:00:00,mllejazzy_1332073480638891
mna.s8,2023-07-31 00:00:00,mnas8_1193697348690763
Mna_mariage,2022-12-01 00:00:00,mna_mariage_17930006744556291
mofida_sab,2023-05-22 00:00:00,mofida_sab_1193366568730751
Monisha Kirishanth ğŸ’,2021-09-29 00:00:00,monishakirishanth_546675756617914
ğŒ ğ â˜¾ ğ ğ‹ ğˆ ğ† ğ‡ ğ“    ğ ğ€ ğ‘,2022-03-30 00:00:00,monlightbar_17897502929556291
Morgane Moe,2022-05-04 00:00:00,morganemoe_806770550709424
Morgane âœ¨,2022-01-10 00:00:00,morgane_1054631888432766
ğŸ€MorganeğŸ€,2023-05-08 00:00:00,morgane_1132458501479646
MOUNA,2023-10-23 00:00:00,mouna_17887614938937018
mria_95__,2023-08-08 00:00:00,mria_95___1215521363180278
Mrs Donna,2023-04-15 00:00:00,mrsdonna_1058801125523549
Mrs Joshua,2023-04-26 00:00:00,mrsjoshua_17967856292365684
m.sandya,2023-04-14 00:00:00,msandya_1152694996132065
MÊ€s.à®…à®ªà®¿à®°à®¾à®®à®©à¯ğŸ’š,2022-09-21 00:00:00,msapiraman_17920648859556291
MssTafaa ğŸ‘ŒğŸ”¥,2022-06-17 00:00:00,msstafaa_911477800244707
Má¥²thá¥™shá¥² â™¥ï¸,2022-07-04 00:00:00,mthsh_856625805726674
ğ‘€ğ‘¢ğ‘™ğ‘¡ğ‘–ğ‘ğ‘œğ‘¡ğ‘’ğ‘›ğ‘¡ğ‘–ğ‘’ğ‘™ |(ğ‘—ğ‘’ ğ‘›ğ‘’ ğ‘Ÿğ‘’ğ‘›ğ‘¡ğ‘Ÿğ‘’ ğ‘ğ‘ğ‘  ğ‘‘ğ‘ğ‘›ğ‘  ğ‘¢ğ‘›ğ‘’ ğ‘ğ‘ğ‘ ğ‘’)ğŸ¤·ğŸ¼â€â™€ï¸,2022-10-20 00:00:00,multipotentieljenerentrepasdansunecase_994445645283980
ğŸ“¸ ğğ¡ğ¨ğ­ğ¨ğ›ğ¨ğ¨ğ­ğ¡ ğŒğ¢ğ«ğ¨ğ¢ğ«ğ›ğ¨ğ¨ğ­ğ¡ ğŸ‘ğŸ”ğŸğ•ğ¢ğğğ¨ğ›ğ¨ğ¨ğ­ğ¡ ğŸ¥,2022-11-25 00:00:00,mydesignsfr_17929164110556291
MylÃ¨ne Cleuet,2022-02-08 00:00:00,mylenecleuet_1005615880304424
MyleÌ€ne ğŸ’•,2023-08-12 00:00:00,mylene_1222686829127904
MylÃ¨ne,2022-07-10 00:00:00,mylene_179679924502329
Myriam,2023-10-26 00:00:00,myriam_1023712879015375
Myriam ğŸ¬,2021-05-29 00:00:00,myriam_1104712763357073
ğŒ | ğ˜,2023-03-13 00:00:00,my_1073690607356596
M.,2023-07-18 00:00:00,m_1210495723684338
m__yusafir,2022-02-21 00:00:00,m__yusafir_126042869961286
naas.l7,2023-02-19 00:00:00,naasl7_17940856235556291
naat_sn,2022-12-02 00:00:00,naat_sn_17930156915556291
Nadia Nadoucha,2023-02-24 00:00:00,nadianadoucha_1112110243522448
NadiağŸŒ¸,2021-06-27 00:00:00,nadia_528989571864157
Nancy LandrÃ©at,2022-09-14 00:00:00,nancylandreat_988671555861148
à®¨à®°à¯à®®à®¤à®¾ ğŸ•ŠğŸŒº,2022-05-22 00:00:00,narmata_878002186930392
Nassa.A BonyğŸ¦‹,2022-09-04 00:00:00,nassaabony_17918299898556291
Natâœ¨,2023-07-21 00:00:00,nat_17923573547556291
Nelly Oo,2022-04-06 00:00:00,nellyoo_863559875042779
New Mahal,2021-08-19 00:00:00,newmahal_271981017687524
Nida.R,2021-10-21 00:00:00,nidar_294274625944486
Niivii,2022-07-29 00:00:00,niivii_880257386697243
ğŸŒ¹ ğ’©ğ’¾ğ“ƒğ’¾,2022-08-08 00:00:00,nini_971239394275574
nirali_msr,2023-05-12 00:00:00,nirali_msr_1170928380971320
Niroj,2021-08-18 00:00:00,niroj_585698292798998
Niruuu ğŸŒ¹ğŸ¤,2022-11-17 00:00:00,niruuu_930443985008179
à®¨à®¿sha.à®…,2023-02-04 00:00:00,nishaa_1106206657445732
nishantii ğŸŒ¸,2021-10-22 00:00:00,nishantii_558352611924182
ğŸ§¿ | ğ’©ğ’¾ğ“ˆğ’½ğ’¶ ğŸŒ¸ |âš•ï¸,2022-08-16 00:00:00,nisha_958579242204708
Nisrineâœ¨,2023-09-10 00:00:00,nisrine_1183630726373343
Nithusha,2021-10-16 00:00:00,nithusha_240512311437867
Nittila Perakash,2021-09-17 00:00:00,nittilaperakash_568099364625289
nmssy b,2023-06-03 00:00:00,nmssyb_17987360480307927
NÃ¸Ã¸no Meehrez,2021-07-20 00:00:00,noonomeehrez_518681669466787
Nourjahane Mohamoud,2022-12-23 00:00:00,nourjahanemohamoud_963755171679025
NS,2022-02-14 00:00:00,ns_164545242571739
o.ctnt,2022-11-04 00:00:00,octnt_1001902007879572
ğŸ“¸ ğğ¡ğ¨ğ­ğ¨ğ›ğ¨ğ¨ğ­ğ¡ ğŒğ¢ğ«ğ¨ğ¢ğ«ğ›ğ¨ğ¨ğ­ğ¡ ğŸ‘ğŸ”ğŸğ•ğ¢ğğğ¨ğ›ğ¨ğ¨ğ­ğ¡ ğŸ¥,2023-06-09 00:00:00,okangul_17955684011556291
Olivier,2023-09-21 00:00:00,olivier_1320665062663074
ğŸ‡¨ğŸ‡µOli ğŸ‡®ğŸ‡³,2023-08-07 00:00:00,oli_1236850157714025
ğŸ˜à¥ğŸ¦š,2022-04-27 00:00:00,om_849161383152587
Ouassila Celia Koubaa,2022-10-10 00:00:00,ouassilaceliakoubaa_17923018619556291
ouissâ€™,2023-05-17 00:00:00,ouiss_1167569294638957
Ouiza ğŸ‡©ğŸ‡¿âµ£,2023-09-15 00:00:00,ouiza_1247212723347029
ĞŸĞ°Ğ»ÑŒĞ¼Ğ° Ğ² ÑĞ½ĞµĞ³ ğŸ•Š,2021-11-29 00:00:00,palmavsneg_985868435474098
ğğšğ¨ğ¥ğš,2021-11-04 00:00:00,paola_612211669972069
ğŸ“¸ ğğ¡ğ¨ğ­ğ¨ğ›ğ¨ğ¨ğ­ğ¡ ğŒğ¢ğ«ğ¨ğ¢ğ«ğ›ğ¨ğ¨ğ­ğ¡ ğŸ‘ğŸ”ğŸğ•ğ¢ğğğ¨ğ›ğ¨ğ¨ğ­ğ¡ ğŸ¥,2021-05-19 00:00:00,parisstyleweddingplanner_221707876386320
patysunshines,2023-01-19 00:00:00,patysunshines_1046555586735870
ğŸ“¸ ğğ¡ğ¨ğ­ğ¨ğ›ğ¨ğ¨ğ­ğ¡ ğŒğ¢ğ«ğ¨ğ¢ğ«ğ›ğ¨ğ¨ğ­ğ¡ ğŸ‘ğŸ”ğŸğ•ğ¢ğğğ¨ğ›ğ¨ğ¨ğ­ğ¡ ğŸ¥,2023-02-16 00:00:00,pavithraa_999127838140278
â„™ğ•–ğ•£ğ•£ğ•šğ•Ÿğ•–,2022-02-16 00:00:00,perrine_1629172324109696
Photobooth-360-Miroir,2023-09-04 00:00:00,photobooth360miroir_17932066358556291
âœ¨ Photobooth & Miroir âœ¨,2022-05-23 00:00:00,photoboothmiroir_1571358116549110
Photobooth.pix,2023-09-18 00:00:00,photoboothpix_17966404616556291
photobooth.twins,2023-10-21 00:00:00,photoboothtwins_17973595682556291
ğŸ“¸ ğğ¡ğ¨ğ­ğ¨ğ›ğ¨ğ¨ğ­ğ¡ ğŒğ¢ğ«ğ¨ğ¢ğ«ğ›ğ¨ğ¨ğ­ğ¡ ğŸ‘ğŸ”ğŸğ•ğ¢ğğğ¨ğ›ğ¨ğ¨ğ­ğ¡ ğŸ¥,2023-09-05 00:00:00,photoboothysh_846126426876560
Pirakash Nayakan,2022-11-13 00:00:00,pirakashnayakan_1033902064677557
Pirakas â™¥ï¸ Jalaxiya,2022-09-28 00:00:00,pirakasjalaxiya_959666838759102
ğŸ“¸ ğğ¡ğ¨ğ­ğ¨ğ›ğ¨ğ¨ğ­ğ¡ ğŒğ¢ğ«ğ¨ğ¢ğ«ğ›ğ¨ğ¨ğ­ğ¡ ğŸ‘ğŸ”ğŸğ•ğ¢ğğğ¨ğ›ğ¨ğ¨ğ­ğ¡ ğŸ¥,2022-09-07 00:00:00,piramarlo_975361243864078
Piravena,2021-07-01 00:00:00,piravena_1726439140877191
âœ¨ Pira âœ¨,2023-10-01 00:00:00,pira_1163722271698492
Pirithika,2022-07-07 00:00:00,pirithika_17910494792556291
ğŸ“¸ ğğ¡ğ¨ğ­ğ¨ğ›ğ¨ğ¨ğ­ğ¡ ğŒğ¢ğ«ğ¨ğ¢ğ«ğ›ğ¨ğ¨ğ­ğ¡ ğŸ‘ğŸ”ğŸğ•ğ¢ğğğ¨ğ›ğ¨ğ¨ğ­ğ¡ ğŸ¥,2023-05-25 00:00:00,ponnampalamnirojannelavjpro_1116800129709892
poojhaa,2022-12-19 00:00:00,poojhaa_1093188098747297
PRABU Kindhu,2023-09-04 00:00:00,prabukindhu_1153571002698385
ğŸ“¸ ğğ¡ğ¨ğ­ğ¨ğ›ğ¨ğ¨ğ­ğ¡ ğŒğ¢ğ«ğ¨ğ¢ğ«ğ›ğ¨ğ¨ğ­ğ¡ ğŸ‘ğŸ”ğŸğ•ğ¢ğğğ¨ğ›ğ¨ğ¨ğ­ğ¡ ğŸ¥,2021-08-08 00:00:00,prasanthikethananthan_417153699691402
ğ“Ÿğ“»ğ“ªğ“¿,2022-06-20 00:00:00,prav_915204093212556
Priiya,2021-12-08 00:00:00,priiya_436865868090345
princemidou,2023-01-15 00:00:00,princemidou_1088461602552967
Princesse_TNâ¤ï¸,2022-09-15 00:00:00,princesse_tn_17923318424584291
ğŸ“¸ ğğ¡ğ¨ğ­ğ¨ğ›ğ¨ğ¨ğ­ğ¡ ğŒğ¢ğ«ğ¨ğ¢ğ«ğ›ğ¨ğ¨ğ­ğ¡ ğŸ‘ğŸ”ğŸğ•ğ¢ğğğ¨ğ›ğ¨ğ¨ğ­ğ¡ ğŸ¥,2022-10-12 00:00:00,priyahistoiredepatisser_1046589656740130
ğŸ“¸ ğğ¡ğ¨ğ­ğ¨ğ›ğ¨ğ¨ğ­ğ¡ ğŒğ¢ğ«ğ¨ğ¢ğ«ğ›ğ¨ğ¨ğ­ğ¡ ğŸ‘ğŸ”ğŸğ•ğ¢ğğğ¨ğ›ğ¨ğ¨ğ­ğ¡ ğŸ¥,2022-09-13 00:00:00,priya_17919557081556291
Priya,2022-01-14 00:00:00,priya_1992742484231037
ptr.nonor,2023-04-22 00:00:00,ptrnonor_794572932091841
P.Vithusha âœ¨,2022-10-26 00:00:00,pvithusha_914459839959730
í‰í™”ğŸƒ,2023-01-24 00:00:00,pyeonghwa_1081905186545537
ğŸ‘‘QueenL ğŸ‘‘,2023-05-12 00:00:00,queenl_1166415371423744
Raams ğŸ§¸,2022-07-23 00:00:00,raams_17943717674145413
Rachel ğŸŒ¹,2023-01-15 00:00:00,rachel_1156333682427672
Ragav Bartha,2021-06-14 00:00:00,ragavbartha_201652655163624
Ragentha,2023-08-28 00:00:00,ragentha_1270319947703011
RaiÌˆssa Elsaâœ¨ğŸŒ¸,2023-01-03 00:00:00,raissaelsa_1089078982491738
Rathesha,2023-04-25 00:00:00,rathesha_1151312146265734
Rathika V  ğŸ‡¨ğŸ‡µ,2023-04-17 00:00:00,rathikav_17948417348556291
Ratica SK,2023-08-27 00:00:00,raticask_1111008803619148
Razika B. ğŸŒº,2023-08-27 00:00:00,razikab_1179829240087030
RGB,2023-07-28 00:00:00,rgb_845494380171509
rhys.kks,2023-09-04 00:00:00,rhyskks_1248336696562045
romain_randria,2023-10-22 00:00:00,romain_randria_1239376944121810
ğŸ“¸ ğğ¡ğ¨ğ­ğ¨ğ›ğ¨ğ¨ğ­ğ¡ ğŒğ¢ğ«ğ¨ğ¢ğ«ğ›ğ¨ğ¨ğ­ğ¡ ğŸ‘ğŸ”ğŸğ•ğ¢ğğğ¨ğ›ğ¨ğ¨ğ­ğ¡ ğŸ¥,2022-01-29 00:00:00,rosehennacustomization_313609757343335
ğŸ“¸ ğğ¡ğ¨ğ­ğ¨ğ›ğ¨ğ¨ğ­ğ¡ ğŒğ¢ğ«ğ¨ğ¢ğ«ğ›ğ¨ğ¨ğ­ğ¡ ğŸ‘ğŸ”ğŸğ•ğ¢ğğğ¨ğ›ğ¨ğ¨ğ­ğ¡ ğŸ¥,2021-05-19 00:00:00,rosevenuseventplanner_2976350416019720
rose_divi,2021-08-13 00:00:00,rose_divi_271148181090343
ğŸ«§ Rosy,2021-08-07 00:00:00,rosy_2192357687572808
Royal Carribean,2023-02-24 00:00:00,royalcarribean_17941513145556291
ğŸ“¸ ğğ¡ğ¨ğ­ğ¨ğ›ğ¨ğ¨ğ­ğ¡ ğŒğ¢ğ«ğ¨ğ¢ğ«ğ›ğ¨ğ¨ğ­ğ¡ ğŸ‘ğŸ”ğŸğ•ğ¢ğğğ¨ğ›ğ¨ğ¨ğ­ğ¡ ğŸ¥,2022-11-29 00:00:00,ruv_1050793029651232
rya_me,2023-01-04 00:00:00,rya_me_1045147933545121
rzl.93,2022-08-22 00:00:00,rzl93_1008937643838567
saaabs,2023-07-29 00:00:00,saaabs_1170512881006212
saarahbbb,2023-11-05 00:00:00,saarahbbb_1258981602162688
Sabesha ğŸ… | à¥,2023-07-18 00:00:00,sabeshaom_1181841909875036
sabevent95,2021-07-23 00:00:00,sabevent95_362067095503044
Sabina,2021-10-05 00:00:00,sabina_1281472198942856
ğ‘ºğ‘¨ğ‘©ğ‘¹ğ‘°ğ‘µğ‘¨,2023-04-15 00:00:00,sabrina_1133032458090972
ğ’®ğ’¶ğ’·ğ“‡ğ’¾ğ“ƒğ’¶.ğŸ«°ğŸ¾ğŸ’•ğŸŒº,2022-09-11 00:00:00,sabrina_855993825791076
sabrina_bouakache,2023-01-02 00:00:00,sabrina_bouakache_1080972746636924
ØµÙØ¨Ù’Ø±,2023-03-04 00:00:00,sabr_1119605096100501
Sab â¤ï¸ğŸ‡©ğŸ‡¿,2023-03-19 00:00:00,sab_1120805642647866
ğ’®ğ’¶ğ’·,2023-06-08 00:00:00,sab_17970729953456541
ğŸ“¸ ğğ¡ğ¨ğ­ğ¨ğ›ğ¨ğ¨ğ­ğ¡ ğŒğ¢ğ«ğ¨ğ¢ğ«ğ›ğ¨ğ¨ğ­ğ¡ ğŸ‘ğŸ”ğŸğ•ğ¢ğğğ¨ğ›ğ¨ğ¨ğ­ğ¡ ğŸ¥,2023-07-30 00:00:00,safa_nininee_1226617675398126
SaHaNa,2021-10-07 00:00:00,sahana_2091649414316880
Sainthya â—‡ Wedding Designer ğŸ•Š,2022-11-03 00:00:00,sainthyaweddingdesigner_17960707823104187
Saira M Ditta,2022-07-18 00:00:00,sairamditta_879262463464086
sa.kuragi,2022-12-20 00:00:00,sakuragi_17932585244556291
salma_bnmr,2023-09-08 00:00:00,salma_bnmr_1186148009443459
SalomeÌ Levy,2022-02-23 00:00:00,salomelevy_1530275700691030
ğŸ“¸ ğğ¡ğ¨ğ­ğ¨ğ›ğ¨ğ¨ğ­ğ¡ ğŒğ¢ğ«ğ¨ğ¢ğ«ğ›ğ¨ğ¨ğ­ğ¡ ğŸ‘ğŸ”ğŸğ•ğ¢ğğğ¨ğ›ğ¨ğ¨ğ­ğ¡ ğŸ¥,2023-05-25 00:00:00,salongalapierrelaye_1217741689624695
Samanta Basquarree,2022-02-09 00:00:00,samantabasquarree_3181669188735530
Samir Haute Pression,2023-08-25 00:00:00,samirhautepression_1210058597054080
sandhya_mrgyn,2023-05-17 00:00:00,sandhya_mrgyn_1136471217747736
sandia.ad,2023-11-05 00:00:00,sandiaad_1249813356415073
Sandrine âšœ | Creator Content ğŸ¤,2022-01-26 00:00:00,sandrinecreatorcontent_925205905028995
Sandrine,2023-01-08 00:00:00,sandrine_1083502259711735
S a o u s s a n e,2021-12-06 00:00:00,saoussane_136326762101719
Sara CML,2023-08-06 00:00:00,saracml_1183490776377596
Sarah Chtr,2022-10-09 00:00:00,sarahchtr_1000089044725929
Sarah ğŸŒ¹,2023-09-18 00:00:00,sarah_1199692088089163
ğ¬ğšğ«ğšğ¡.,2023-11-03 00:00:00,sarah_1256040435791571
SARAHğŸ‡²ğŸ‡¦ğŸŠâµ£,2023-10-16 00:00:00,sarah_1309849907080693
Sarah,2022-09-09 00:00:00,sarah_993002485432043
sarah___travel,2022-07-31 00:00:00,sarah___travel_881595759897239
Saran Param,2023-04-24 00:00:00,saranparam_1199722094757995
Saranya ~ ğŸŒº,2023-09-28 00:00:00,saranya_1280696329990035
Sara Sahayam,2023-10-21 00:00:00,sarasahayam_1237459067646366
Sara,2022-02-19 00:00:00,sara_279727287603153
ğŸ“¸ ğğ¡ğ¨ğ­ğ¨ğ›ğ¨ğ¨ğ­ğ¡ ğŒğ¢ğ«ğ¨ğ¢ğ«ğ›ğ¨ğ¨ğ­ğ¡ ğŸ‘ğŸ”ğŸğ•ğ¢ğğğ¨ğ›ğ¨ğ¨ğ­ğ¡ ğŸ¥,2023-01-12 00:00:00,sareedesignerparis_816228413098120
sarouush____,2022-02-16 00:00:00,sarouush_____351762350195160
Sathusni,2022-10-08 00:00:00,sathusni_944960550227149
sauve_qui_peut,2023-07-20 00:00:00,sauve_qui_peut_1194550888603434
ğŸ“¸ ğğ¡ğ¨ğ­ğ¨ğ›ğ¨ğ¨ğ­ğ¡ ğŒğ¢ğ«ğ¨ğ¢ğ«ğ›ğ¨ğ¨ğ­ğ¡ ğŸ‘ğŸ”ğŸğ•ğ¢ğğğ¨ğ›ğ¨ğ¨ğ­ğ¡ ğŸ¥,2021-05-19 00:00:00,sayeedmouhamad_1120731035090646
ğŸ¦‹ğ”–ğ”ğ‘¦ğ”¦ğ”«ğ”¦ğŸ§šğŸ¼â€â™€ï¸,2023-02-16 00:00:00,sayini_1152990599433061
SD,2021-07-17 00:00:00,sd_111990141161967
sekinaaaa_,2022-07-06 00:00:00,sekinaaaa__884431759627001
S  E  L  I  N . K,2023-09-03 00:00:00,selink_1292928062108055
selxn.62,2023-09-17 00:00:00,selxn62_1182553853135358
sely|24y,2023-10-01 00:00:00,sely24y_1221651402561093
Shahineze,2023-02-26 00:00:00,shahineze_1115259433205865
Shaman Hettiarachchilage,2021-11-15 00:00:00,shamanhettiarachchilage_345753123979280
Sharan,2023-06-22 00:00:00,sharan_1198797804851956
ğŸ“¸ ğğ¡ğ¨ğ­ğ¨ğ›ğ¨ğ¨ğ­ğ¡ ğŒğ¢ğ«ğ¨ğ¢ğ«ğ›ğ¨ğ¨ğ­ğ¡ ğŸ‘ğŸ”ğŸğ•ğ¢ğğğ¨ğ›ğ¨ğ¨ğ­ğ¡ ğŸ¥,2023-02-16 00:00:00,shaunaevents_1108259650572263
Shayini8,2023-04-01 00:00:00,shayini8_1116371449755235
ShayM,2022-02-10 00:00:00,shaym_2466541520148300
ğŸ¦‹ğ•¾ğ–ğ–”ğ–‡ğ–ğ–‰ğ–† ğŸ¦‹,2022-12-01 00:00:00,shobida_691083142398066
SHOP_TES_PARFUMS,2023-08-01 00:00:00,shop_tes_parfums_17962933637556291
Shriyaï¿½ï¿½,2023-08-16 00:00:00,shriya_17964930317556291
âœ¨ Ø³Ø­Ø± âœ¨,2023-06-01 00:00:00,shr_1144503336943088
Ø³Ù‡ÙŠÙ„Ø©,2023-01-17 00:00:00,shylt_1072104544191115
ğŸ“¸ ğğ¡ğ¨ğ­ğ¨ğ›ğ¨ğ¨ğ­ğ¡ ğŒğ¢ğ«ğ¨ğ¢ğ«ğ›ğ¨ğ¨ğ­ğ¡ ğŸ‘ğŸ”ğŸğ•ğ¢ğğğ¨ğ›ğ¨ğ¨ğ­ğ¡ ğŸ¥,2022-06-26 00:00:00,signsbyjv_132185022822995
sihem_.k,2023-11-02 00:00:00,sihem_k_17892342149916882
Siined,2023-06-09 00:00:00,siined_17955667154556291
ğŸ‡«ğŸ‡· SÌ§IÌ‡ğ‹ğ€ğ ğ„ğğ†ğ„ğ™ ğŸ‡¹ğŸ‡¯,2023-03-13 00:00:00,silanengez_986022206115966
Simeon ğŸ™Š,2023-08-28 00:00:00,simeon_1226403628754673
simsette16,2022-04-11 00:00:00,simsette16_17899081415556291
ğ™ğ™ğ™£ğ™™ğ™ª,2023-01-09 00:00:00,sindu_952702756114488
Sindya ğŸŒº,2022-04-28 00:00:00,sindya_790679452172649
Sirine ğŸ¦‹,2023-09-14 00:00:00,sirine_1231579494910331
Sivalingan Sharmila,2022-07-27 00:00:00,sivalingansharmila_17913181343556291
Siva âœ¨,2021-07-02 00:00:00,siva_126584142955633
sllnn_s,2023-09-16 00:00:00,sllnn_s_17902926011839520
sm95140,2023-02-28 00:00:00,sm95140_1037035727700118
SM,2022-11-07 00:00:00,sm_1002155757847566
snap : indiian94,2021-05-07 00:00:00,snapindiian94_127563479433048
sneha_lm,2022-04-14 00:00:00,sneha_lm_846955190033363
snesmia_,2022-11-25 00:00:00,snesmia__1013889566671581
ğŸ“¸ ğğ¡ğ¨ğ­ğ¨ğ›ğ¨ğ¨ğ­ğ¡ ğŒğ¢ğ«ğ¨ğ¢ğ«ğ›ğ¨ğ¨ğ­ğ¡ ğŸ‘ğŸ”ğŸğ•ğ¢ğğğ¨ğ›ğ¨ğ¨ğ­ğ¡ ğŸ¥,2023-07-11 00:00:00,snilaveevent_17960109302556291
s.nth_,2022-09-29 00:00:00,snth__987797792616567
Sofia,2023-03-12 00:00:00,sofia_1086922449365151
Sofia âœ¨ |  ğŸ‡²ğŸ‡¦ğŸ‡²ğŸ‡¶ğŸ‡²ğŸ‡«,2023-09-12 00:00:00,sofia_17968547369556291
SÅŒGIMI EVENTS,2023-09-16 00:00:00,sogimievents_17969000747556291
[ Solar_Vision ],2022-08-25 00:00:00,solar_vision_17917053854556291
So Mostefa-kara,2022-09-20 00:00:00,somostefakara_995088801892398
Sonali Virdi,2023-05-22 00:00:00,sonalivirdi_1055284022542817
Sonia Sonii-sha,2023-08-01 00:00:00,soniasoniisha_1129793835090717
Sonia ğŸ’«,2023-04-07 00:00:00,sonia_17950063121543957
ğŸ’¬ ğŸ’ Sonia ğŸ’,2021-09-24 00:00:00,sonia_729249861806613
s.ooraya,2023-09-27 00:00:00,sooraya_1271158137615723
ğŸ“¸ ğğ¡ğ¨ğ­ğ¨ğ›ğ¨ğ¨ğ­ğ¡ ğŒğ¢ğ«ğ¨ğ¢ğ«ğ›ğ¨ğ¨ğ­ğ¡ ğŸ‘ğŸ”ğŸğ•ğ¢ğğğ¨ğ›ğ¨ğ¨ğ­ğ¡ ğŸ¥,2023-09-04 00:00:00,soubavaiti_1144575170275446
Souganya Kartigueyane,2021-10-21 00:00:00,souganyakartigueyane_3079536545705015
ğ“¢ğ“¸ğ“¾ğ“¶ğ“²ğ“ª ğŸ•Š,2023-04-01 00:00:00,soumia_1163265898403892
á´›á´á´œá´› á´‡sá´› á´˜á´ssÉªÊ™ÊŸá´‡ Ã  á´„á´‡ÊŸá´œÉª Ç«á´œÉª á´„Ê€á´Éªá´›,2023-06-28 00:00:00,sssaq_1168848317841809
Stacey,2022-10-02 00:00:00,stacey_963688915021809
stacylb____,2023-11-04 00:00:00,stacylb_____1296152931781404
Steeven Ayan,2022-03-20 00:00:00,steevenayan_819552606104073
StÃ©fanie,2022-02-21 00:00:00,stefanie_515249953280405
steffie__h,2022-01-24 00:00:00,steffie__h_633701911223686
Steffi ğŸ’,2022-02-27 00:00:00,steffi_792101852182652
stephane95140,2023-08-17 00:00:00,stephane95140_1215229946544550
stephaniebazs,2023-09-11 00:00:00,stephaniebazs_1241606127240086
stephanie.fdc_,2021-08-25 00:00:00,stephaniefdc__377457617102514
SteÌphanie Siva,2022-10-27 00:00:00,stephaniesiva_954572672602755
ğŸ“¸ ğğ¡ğ¨ğ­ğ¨ğ›ğ¨ğ¨ğ­ğ¡ ğŒğ¢ğ«ğ¨ğ¢ğ«ğ›ğ¨ğ¨ğ­ğ¡ ğŸ‘ğŸ”ğŸğ•ğ¢ğğğ¨ğ›ğ¨ğ¨ğ­ğ¡ ğŸ¥,2021-05-19 00:00:00,stephanieweddingplanner_488290302390564
Steve ğŸƒ,2022-02-20 00:00:00,steve_695933561422009
Suges Muthu,2023-05-10 00:00:00,sugesmuthu_1145856926808963
Sujevan,2022-07-04 00:00:00,sujevan_1141270796803616
Sun,2021-09-20 00:00:00,sun_188313660053039
Supa Pankajan,2021-08-29 00:00:00,supapankajan_888326105434312
Suveâœ¨,2023-05-12 00:00:00,suve_1063412465045265
swathy_e,2022-07-28 00:00:00,swathy_e_17913045194556291
ØµÙˆÙÙŠØ§ ğŸ‘‘,2023-01-08 00:00:00,swfya_1086827386052185
syabm__,2023-09-04 00:00:00,syabm___17967547412556291
Sylia or âœ¨Ø³ÙŠÙ„ÙŠØ§âœ¨,2021-07-25 00:00:00,syliaorsylya_1808825805971075
Sylvie MAHENDRAN,2023-10-27 00:00:00,sylviemahendran_17974378319556291
â–ªï¸T a k a r y â–ªï¸,2022-07-28 00:00:00,takary_855521869185810
talysao4,2023-01-01 00:00:00,talysao4_1046346033425381
TANIA SV,2022-07-19 00:00:00,taniasv_861307265258848
à®¤à®©à¯ ğŸŒ™,2023-10-19 00:00:00,tanu_1257020979023157
Taoufik Sou,2023-04-04 00:00:00,taoufiksou_1019174589469571
Tatiana Ndiaye DaunÃ¨s,2023-05-29 00:00:00,tatianandiayedaunes_918024962925374
tcrilee__,2023-04-02 00:00:00,tcrilee___1205826190816467
TÃ©nicia ğŸŒ´,2022-04-11 00:00:00,tenicia_1387729238353840
Thaaraa_maah â™¥ï¸,2023-04-09 00:00:00,thaaraa_maah_1081598476576899
Thaleryni,2023-08-10 00:00:00,thaleryni_1019677292801430
Tharany Ko,2021-08-01 00:00:00,tharanyko_4048851015236871
ğ—§ ğ—› ğ—” ğ—¥ ğ—¦ ğ—› ğ—”,2022-07-31 00:00:00,tharsha_985371516196544
TharsigouhğŸ§šğŸ½,2022-05-25 00:00:00,tharsigouh_882082516514328
ğŸ“¸ ğğ¡ğ¨ğ­ğ¨ğ›ğ¨ğ¨ğ­ğ¡ ğŒğ¢ğ«ğ¨ğ¢ğ«ğ›ğ¨ğ¨ğ­ğ¡ ğŸ‘ğŸ”ğŸğ•ğ¢ğğğ¨ğ›ğ¨ğ¨ğ­ğ¡ ğŸ¥,2023-08-12 00:00:00,theempirevirdievents_785360636395454
ğŸ“¸ ğğ¡ğ¨ğ­ğ¨ğ›ğ¨ğ¨ğ­ğ¡ ğŒğ¢ğ«ğ¨ğ¢ğ«ğ›ğ¨ğ¨ğ­ğ¡ ğŸ‘ğŸ”ğŸğ•ğ¢ğğğ¨ğ›ğ¨ğ¨ğ­ğ¡ ğŸ¥,2023-02-22 00:00:00,thelmaljournaldunemariee_17941201316556291
Thirisha.,2022-09-11 00:00:00,thirisha_17919298040556291
T H I R U M A N A M . Paris,2023-02-04 00:00:00,thirumanamparis_17938801148556291
âšœï¸ ğ“ğ¡ğ®ğ¬ğ¤ğš âšœï¸,2022-09-12 00:00:00,thuska_884190496302399
Thuva Sinnarasa,2023-08-16 00:00:00,thuvasinnarasa_1211799256881116
T&I Decoration,2022-07-10 00:00:00,tidecoration_1216893652458623
ğŸ§¿â„¢ï¸,2022-03-15 00:00:00,tm_857609208970217
t.niv.ek,2023-05-04 00:00:00,tnivek_1153177416083896
ğŸ“¸ ğğ¡ğ¨ğ­ğ¨ğ›ğ¨ğ¨ğ­ğ¡ ğŒğ¢ğ«ğ¨ğ¢ğ«ğ›ğ¨ğ¨ğ­ğ¡ ğŸ‘ğŸ”ğŸğ•ğ¢ğğğ¨ğ›ğ¨ğ¨ğ­ğ¡ ğŸ¥,2022-05-15 00:00:00,tskevents_722130682155352
Una_bellissima,2022-02-20 00:00:00,una_bellissima_141938498291088
Va~hinii,2023-01-21 00:00:00,vahinii_17948454008521741
Vaiiiishuu,2022-11-21 00:00:00,vaiiiishuu_1000521441340542
VaÃ¯kun,2023-04-20 00:00:00,vaikun_1128600891866243
vaishu_91,2021-06-04 00:00:00,vaishu_91_922878025230594
Valentina Contreras Ruiz,2023-01-12 00:00:00,valentinacontrerasruiz_1071972224201248
Valentine Ravindirane,2022-09-28 00:00:00,valentineravindirane_17921513171556291
varma_photo,2022-10-02 00:00:00,varma_photo_17922038024556291
Vejini,2021-10-16 00:00:00,vejini_163494305981859
ğŸ“¸ ğğ¡ğ¨ğ­ğ¨ğ›ğ¨ğ¨ğ­ğ¡ ğŒğ¢ğ«ğ¨ğ¢ğ«ğ›ğ¨ğ¨ğ­ğ¡ ğŸ‘ğŸ”ğŸğ•ğ¢ğğğ¨ğ›ğ¨ğ¨ğ­ğ¡ ğŸ¥,2022-07-27 00:00:00,ventedevetements_859396942116521
Vente de voiles en soie de MÃ©dine,2023-08-16 00:00:00,ventedevoilesensoiedemedine_17965009502556291
VENTE & LOCATION,2022-02-11 00:00:00,ventelocation_5338905659456116
Victoria,2023-01-19 00:00:00,victoria_17936569838556291
ğŸ“¸VidÃ©obooth 360 degrÃ©sğŸ¥,2023-04-27 00:00:00,videobooth360degres_17949983156556291
Vierajitha Srikanthan,2023-10-29 00:00:00,vierajithasrikanthan_1287113806023806
viet_indd,2023-09-02 00:00:00,viet_indd_1246362626757467
Vijay Param,2022-09-15 00:00:00,vijayparam_974821510583891
vijithan.sth,2023-07-08 00:00:00,vijithansth_1191090922284552
Vinorth,2023-11-01 00:00:00,vinorth_1246149413443677
ğŸ“¸ ğğ¡ğ¨ğ­ğ¨ğ›ğ¨ğ¨ğ­ğ¡ ğŒğ¢ğ«ğ¨ğ¢ğ«ğ›ğ¨ğ¨ğ­ğ¡ ğŸ‘ğŸ”ğŸğ•ğ¢ğğğ¨ğ›ğ¨ğ¨ğ­ğ¡ ğŸ¥,2023-11-05 00:00:00,vino_1290250709042606
ğŸ“¸ ğğ¡ğ¨ğ­ğ¨ğ›ğ¨ğ¨ğ­ğ¡ ğŒğ¢ğ«ğ¨ğ¢ğ«ğ›ğ¨ğ¨ğ­ğ¡ ğŸ‘ğŸ”ğŸğ•ğ¢ğğğ¨ğ›ğ¨ğ¨ğ­ğ¡ ğŸ¥,2023-07-16 00:00:00,vogueevents_17874791171924306
watch_972,2023-10-18 00:00:00,watch_972_17973219701556291
wazz_prod,2021-09-09 00:00:00,wazz_prod_4959387740744799
w.dylannn_,2023-06-15 00:00:00,wdylannn__17956556285556291
ğŸ“¸ ğğ¡ğ¨ğ­ğ¨ğ›ğ¨ğ¨ğ­ğ¡ ğŒğ¢ğ«ğ¨ğ¢ğ«ğ›ğ¨ğ¨ğ­ğ¡ ğŸ‘ğŸ”ğŸğ•ğ¢ğğğ¨ğ›ğ¨ğ¨ğ­ğ¡ ğŸ¥,2023-02-16 00:00:00,webedia_1092769992117441
ğŸ“¸ ğğ¡ğ¨ğ­ğ¨ğ›ğ¨ğ¨ğ­ğ¡ ğŒğ¢ğ«ğ¨ğ¢ğ«ğ›ğ¨ğ¨ğ­ğ¡ ğŸ‘ğŸ”ğŸğ•ğ¢ğğğ¨ğ›ğ¨ğ¨ğ­ğ¡ ğŸ¥,2021-11-16 00:00:00,weddingeventplanner_412022830472630
Wedding Family,2022-05-29 00:00:00,weddingfamily_747016816480399
ğŸ“¸ ğğ¡ğ¨ğ­ğ¨ğ›ğ¨ğ¨ğ­ğ¡ ğŒğ¢ğ«ğ¨ğ¢ğ«ğ›ğ¨ğ¨ğ­ğ¡ ğŸ‘ğŸ”ğŸğ•ğ¢ğğğ¨ğ›ğ¨ğ¨ğ­ğ¡ ğŸ¥,2021-05-19 00:00:00,weddingplannerdiplomee_4261619947201658
Weed-Berlyne {Weed ou FTK pr ls intimes},2023-04-13 00:00:00,weedberlyneweedouftkprlsintimes_1046832476720283
Widad Mokhtari,2023-05-23 00:00:00,widadmokhtari_1183760923022283
wifeeeee_,2023-05-24 00:00:00,wifeeeee__1149412673121104
ğŸ“¸ ğğ¡ğ¨ğ­ğ¨ğ›ğ¨ğ¨ğ­ğ¡ ğŒğ¢ğ«ğ¨ğ¢ğ«ğ›ğ¨ğ¨ğ­ğ¡ ğŸ‘ğŸ”ğŸğ•ğ¢ğğğ¨ğ›ğ¨ğ¨ğ­ğ¡ ğŸ¥,2022-02-03 00:00:00,yadayahisrael_423236149595114
yasmiiine_,2023-01-23 00:00:00,yasmiiine__1032292114827871
yasmine.kendj,2023-02-23 00:00:00,yasminekendj_17941370432556291
Yasmine,2022-12-05 00:00:00,yasmine_1020428926014524
Yasooh,2022-10-24 00:00:00,yasooh_963690408355383
yassm___h,2023-03-04 00:00:00,yassm___h_712086140410175
Y.C,2023-03-20 00:00:00,yc_1099633401429885
Yosra,2023-01-30 00:00:00,yosra_1097212721680324
Youssef ABDUL âœ¨,2022-03-22 00:00:00,youssefabdul_800883474633981
ÙŠØ³Ø±Ø§,2021-11-08 00:00:00,ysra_900859384189283
y__brn,2022-09-26 00:00:00,y__brn_961705461890601
z6.o5_,2022-07-18 00:00:00,z6o5__964114104984860
zarrnitha,2022-02-23 00:00:00,zarrnitha_473878890882573
zazou,2022-10-12 00:00:00,zazou_940783970643905
Z.A.,2023-06-30 00:00:00,za_1219168656149024
zwoolfdoce,2022-01-04 00:00:00,zwoolfdoce_967767143831247
_211297,2023-07-23 00:00:00,_211297_828023325405137
_axinamin,2022-10-09 00:00:00,_axinamin_960246678700949
_celinevp,2021-12-01 00:00:00,_celinevp_231248672424645
_cml_s,2023-02-14 00:00:00,_cml_s_1126673238731924
_kaw_212,2023-06-03 00:00:00,_kaw_212_1073049407416409
_my.quenn_,2023-08-22 00:00:00,_myquenn__1060412865341462
_s.joelle__,2021-06-22 00:00:00,_sjoelle___1009019659814825
_u.aji,2021-11-16 00:00:00,_uaji_128754086224647
__asma.b,2022-11-01 00:00:00,__asmab_1009873163747911
___max10,2022-09-20 00:00:00,___max10_952956676098041
